DescriptionArea;Response
 Hallo Service Desk-Team, wenn ich meine Monatsabrechnung angucke und diese richtig verstehe, habe ich in den letzten Monaten bisher eine Diskrepanz zwischen den angefallenen Arbeitstagen (AT) und denen mit mobiler Arbeit (MA)  Es ist ja meistens so, dass in den Folgemonaten Korrekturen einflie√üen, aber ichrechne ich nicht mehr damit. Falls ich da etwas falsch verstehe, bitte gerne eine Info. Falls meine Einsch√§tzung passt, w√§re eine kurzfristige Korrektur w√ºnschenswert;HR Operations Task: check mismatch mobile work
 In der Woche zeigt mir Chronos unter dem  (wenn ich die Ansicht ausklappe mit dem R√ºckblick) ein negatives Gleitzeitsaldo an. An den 4 Arbeitstagen habe ich aber jeden Tag mehr gearbeitet und mir scheint, dass der Feiertag im System von den Stunden her als Arbeitszeit gerechnet wurde. In Summe w√ºrde das passen: Wenn ich die eingetragene Arbeitszeit an den 4 Tagen zusammenz√§hle, dann fehlt genau das angezeigte negative  f√ºr die Stunden bei einer 5 Tage Woche ohne Feiertag. Ich bitte um Pr√ºfung und evtl. Korrektur. Bitte bescheid sagen, falls  notwendig sind ;HR Operations Task: check flexitime balance
 Dear, I am not able to enter in HR portal and Chronos. ;Hi, that sure looks like a VPN connection issue to me. Please contact the EHD in that case or, if you happen to have a Mac, mac@volkswagen.de. And let them know you have been in contact with us before, otherwise, you might end up in circles. Best regards
 Hi ich war auf Schulung was muss man da eintragen?  ;"Hi, das kommt drauf an: hast du die Schulung online gemacht oder bei dir in der N‰he (<35 km)? Dann w‰re es ganz normal Mobiles Arbeiten.
Falls du daf¸r reisen musstest (>35 km) w‰re das eine Dienstreise."
Ich hatte eigentlich meine Auszeit beantragt. Da er aber jetzt einen Unfall hatte, haben wir eine Aufl√∂sung vereinbart. In SAP habe ich bei Ma√ünahmen die ‚Äúmeine Auszeit‚Äù rausgel√∂scht. In Chronos ist sie aber noch nicht raus.  ihr das bitte pr√ºfen, ob in SAP noch was gel√∂scht werden muss? Danke ;"HR Operations Task: needs correction in SAP as ""Meine Auszeit"" / ""Sabbatical"" is an SAP leading type"
 Liebes CARIAD Service Hub Team, ich habe meine Elternzeit zur√ºckgezogen, was auch best√§tigt wurde. Leider ist es immernoch in Chronos enthalten. Das ist gerade ein Blocker f√ºr mich. K√∂nntet ihr das bitte korrigieren? ;"HR Operations Task: needs correction in SAP as ""Elternzeit"" / ""Parental Leave"" is a SAP leading type"
It is quarter 4 and I can't make my vacation planning in Chronos, is there something missing!?;"Hi, the system prevents booking holidays from the current entitlement for the upcoming year. We are currently working on this topic and it hopefully should be solved in time. Please try to book the holiday for the upcoming year again a little later and let us know if it works.
You can also already send your team lead (and team collegaues) the blocker for your whole Christmas/winter vacation in Outlook for organizational reasons."
" Guten Tag, ich bekomme aufgrund meines 10-J√§hrigen Jubil√§ums in Chronos ""+1 Tag Jubil√§um"" angezeigt, allerdings gibt es den Eintrag nicht zur Auswahl. (Erster  von mir und zweiter  von einem Kollegen). K√∂nnen Sie den Jubil√§umsurlaubstag bitte f√ºr mich buchen? ";Hi, prinzipiell hat man 4 Wochen Zeit, den Jubil‰umstag zu nehmen (danach verf‰llt der Anspruch nach ß7 Manteltarifvertrag). Es ist uns daher nicht mˆglich, nachtr‰glich den Jubil‰umstag zu gew‰hren.
 Guten Morgen, Ich habe den Standort Ingolstadt (IN Campus) als erste T√§tigkeitsst√§tte.  war ich f√ºr einen Workshop in Ingolstadt. Trage ich das bei der Zeiterfassung im Chronos jetzt als ‚ÄúOffice‚Äù oder ‚ÄúT√§tigkeit an einem anderem Standort‚Äù ein? ;"Hi, da Ingolstadt deine (vertragliche) erste T‰tigkeitsst‰tte ist, z‰hlt der Workshop-Tag ganz klassisch als Office-Tag. Ist ja keine Dienstreise und du arbeitest auch nicht an einem anderen Standort. Ist sonst auch nochmal im Intranet beschrieben:
""Wann trage ich die Anwesenheitsart ÑOffice (anderer Standort)ì in Chronos ein?
Diese Anwesenheitsart ist in Chronos nur dann zu hinterlegen, wenn du auf freiwilliger Basis an einem anderen CARIAD-Standort als deinem arbeitsvertraglich vereinbarten, t‰tig wirst. Dies ist der Fall, wenn du ohne betriebliche Veranlassung an einem anderen CARIAD-Standort arbeitest, d.h. nicht im Rahmen einer Dienstreise.""

Chronos Absence and working time management - Cariad Net - Group Wiki"
 , I think my remaining vacation ‚ÄúResturlaub‚Äù is shown incorrectly.  It shows more days, but I have taken more than that in the months before. Unfortunately I have no historic screenshots taken, so I cannot prove easily wheather or not the number is correct. Are you able to check the validity easily in the system?  will at least try to accumulate the number of days I took so far. ;HR Operations Task: check mismatch annual leave days
 Hallo, ich habe in einer Woche Urlaub eingetragen. Nun muss ich arbeitsbedingt eine Inlandsdienstreise machen (Start von zuhause, Ende wieder zuhause). Weiter muss ich  eine Auslandsdienstreise machen (wieder Start/Ende zuhause). Bei beiden Dienstreisen kann ich die √Ñnderung in  nicht durchf√ºhren, es kommt nach der Information, dass mein Vorgesetzter informiert wird, dass der Urlaub gecancelt wird, eine Meldung eines technischen Fehlers und der Bitte, es sp√§ter nochmals zu probieren. Da ich es nun schon eine gute Woche immer wieder probiere, gehe ich davon aus, dass es kein tempor√§res Problem ist. Unten angeh√§ngt die Fehlermeldung. K√∂nnen diese 2 √Ñnderungen bitte manuell eingetragen und mir eine R√ºckmeldung gegeben werden. ;HR Operations Task: manual override
 Hallo, ich bin am Standort Berlin angestellt, wohne allerdings in Sachsen. Welche Feiertage gelten f√ºr mich, wenn ich aus dem HomeOffice arbeite? ;Hi, es gelten immer die Feiertage an deinem vertraglichen Standort.
 Meine Urlaubstage, welche mir durch meine SB zustehen und welche ich noch nicht entnommen habe, finde ich pl√∂tzlich nicht mehr im Chronos und nicht mehr auf meiner Abrechnung. Wie k√∂nnen wir hier weiter vorgehen?;Autoresponse: SB / Schwerbehindertenurlaub should never be asked as part of ticket system
 Guten Tag, ich kann seit mehreren Tagen nicht wie gewohnt auf Chronos zugreifen. Die Webseite baut sich nicht auf. √úber den Pfad der Cariad Startseite, HR Portal funktioniert der  ebenfalls nicht. Zudem konnte ich vorab meine zur Verf√ºgung stehenden Urlaubstage nicht im Kalender buchen. Es wurde mir ‚Äúkein Urlaub zur Verf√ºgung‚Äù angezeigt, entgegen der oben gezeigten Verf√ºgbarkeit. ;Hi, that sure looks like a VPN connection issue to me. Please contact the EHD in that case or, if you happen to have a Mac, mac@volkswagen.de. And let them know you have been in contact with us before, otherwise, you might end up in circles. Best regards
 Hallo zusammen,  seit dem Update von  ist die Anzahl meiner Urlaubstage in  nicht mehr korrekt (es fehlen Tage) ;HR Operations Task: check mismatch annual leave days
 The link is not working anymore: hr.portal.prd.eu.bp.aws.cloud.vwgroup.com  ;Hi, that sure looks like a VPN connection issue to me. Please contact the EHD in that case or, if you happen to have a Mac, mac@volkswagen.de. And let them know you have been in contact with us before, otherwise, you might end up in circles. Best regards
 Hi ServiceDesk Team, in the last days I could see an ‚Äúoccasion related time off‚Äù showing up in chronos, due to my 10 Year anniversary this october.  Unfortunately it does not show up anymore, I just booked a day off now with the ‚Äúoccasion related time off‚Äú at the end of October, but I don‚Äôt know if that's enough and if it‚Äôs properly recognized by the system. Could you please take a look and give a feedback if what I did is correct?  ;"Hi, please do not book it as ""occasion-related absence"". The anniversary is treated as an additional annual leave day that can only be booked within a specific time frame."
 Hello HR team,¬† I am on a business travel (test drive) in the US, and here we are currently planning to work through the weekends. Concerning the regulation - I‚Äôd like to know if the pure travel time/days (e.g. flying time to the US and back) are considered a part of the  working days. Can you help me figure out? Then I will plan the schedule accordingly to be compliant.;Travel Time is regarded as working time
 Guten Tag, ich wollte gerade meine anlassbezogene Freistellung zum zehnj√§hrigen (‚Äú+1 Tag Jubil√§um‚Äù siehe Bild) buchen. Nun wird es nicht mehr angezeigt und es kommt die Meldung ‚ÄúDein Jubil√§um Kontingent ist verbraucht.‚Äú. K√∂nnen Sie das f√ºr mich bitte buchen? ;"Hi, please do not book it as ""occasion-related absence"". The anniversary is treated as an additional annual leave day that can only be booked within a specific time frame."
 Hi, I just came back from parental leave this tuesday. I‚Äôm working on tuesday, thursday and friday. Unfortunately there are tuesday, wednesday and thursday marked as office days for me in chronos (see screenshot). Can you please change this? ;HR Operations Task: working time model is defined in SAP as leading and needs to be changed
 Hallo, wie kann ich meine mehrarbeit in  geltend machen? Ich sehe nur das Extrafenster, aber kann keine STunden f√ºr Mehrarbeit angeben.   ;Hi, when overtime is granted (which is indicated by the KPI at the top specifying the number of approved hours per month), and you enter more hours then you are supposed to work daily, the option appears to shift between newly created flexi-time hours and overtime hours (which will not be counted into the flexitime balance).  
 Hallo, ich wollte in Chronos f¸r n‰chstes Jahr eintragen, leider erhalte ich die Fehlermeldung (siehe Anhang). Liegt ein Systemfehler vor bzw. k√∂nnt ihr mir hier bitte weiterhelfen? ;Hi, the system prevents booking holidays from the current entitlement for the upcoming year. We are currently working on this topic and it hopefully should be solved in time. Please try to book the holiday for the upcoming year again a little later and let us know if it works. You can also already send your team lead (and team collegaues) the blocker for your whole Christmas/winter vacation in Outlook for organizational reasons.
 Guten Morgen, ich wollte mich soeben krank melden, von gestern Mi bis einschlie√ülich Freitag. Also kleiner als 3 Tage. Leider erlaubt mir das System diese Eintragung nicht. Ist dies ein technischer Fehler? ;Hi, sick leave (<) smaller than 3 days can only be entered that very day or in the past and only for 3 consecutive days.
 Hi, I saw that I did not correctly fill out start of business trip in office / at home. Is tehere a possibility to change this afterwards? It seems to be greyed out.;Hi, changes to Chronos can only be done up to 6 weeks in the past.
 Dear colleagues of the Service Hub Team,  I just encountered, that the holidays of next year are not yet available, although the error message states, that they should in quarter 4.  My problem is, that thus I‚Äôm blocked requesting holiday in the first week of january.  Could you please tell me, when the holidays will be available to request or if I encounter a user specific problem?  ;Hi, the system prevents booking holidays from the current entitlement for the upcoming year. We are currently working on this topic and it hopefully should be solved in time. Please try to book the holiday for the upcoming year again a little later and let us know if it works. You can also already send your team lead (and team collegaues) the blocker for your whole Christmas/winter vacation in Outlook for organizational reasons.
 Hello, is there a possibility to export the data from Chronos? When Chronos was introduced I remember that an export function was planned, but until I can‚Äôt see it in the tool. The export of the data is helpful as a proof, e.g. towards the tax authority. , ;"Chronos currently does not have an export function unfortunately, but we are working on it. As proof of your office days and days in mobile work, feel free to use your January statement from the following year. Here is a breakdown of exactly how many days you have worked remotely.

You can call up your statements in our self-service. Here you can find the link: Meine Bescheinigungen (vw.vwg)"
 Hi, I was doing the on call work. Looking at the documentation on on call activities I have to fill in the time when I actively worked on certain topics during this time, but I cannot enter the time in Chronos without entering the ‚ÄúWork type‚Äú. None of the available types are applicable to this activity. How should I proceed with that? ;HR Operations Task: On Call Duty
 Ich w√ºrde gerne Urlaub  nehmen, kann das aber im Tool nicht eintragen weil der Zeitraum bereits vorausgef√ºllt is (zeitraum wird automatisch eingetragen und kann nicht ver√§ndert werden).  ;"Please cancel your planned annual leave days by navigating to the ""request"" / ""Antr‰ge"" tab and create a new request for annual leave."
 Bis wann wird das Jahresurlaubskontingent 2025 in Chronos verf√ºgbar sein, so dass Urlaubsantr√§ge f√ºr 2025 m√∂glich sind? Das System l√§sst das leider aktuell immer noch nicht zu, und verweist auf das 4. Quartal (siehe Screenshot im Anhang).  ;Hi, the system prevents booking holidays from the current entitlement for the upcoming year. We are currently working on this topic and it hopefully should be solved in time. Please try to book the holiday for the upcoming year again a little later and let us know if it works. You can also already send your team lead (and team collegaues) the blocker for your whole Christmas/winter vacation in Outlook for organizational reasons.
 Hallo, ich habe am 1.10 meinen ersten Tag gehabt. F√ºr alle Tage aus meiner ersten Woche werden die kompletten eingetragenen Stunden als √úberstunden berechnet, und die normale Arbeitszeit nicht abgezogen.  ;Hi, could you kindly just delete the very first entries in Chronos for that month (they might have been automatically pre-filled by the system itself) and re-enter your working hours? Chronos will then automatically adjust the flexi-time balance accordingly.
"  together! How I can find the number of ""office days"" in the last year (for tax declaration)? , ";"Chronos currently does not have an export function unfortunately, but we are working on it. As proof of your office days and days in mobile work, feel free to use your January statement from the following year. Here is a breakdown of exactly how many days you have worked remotely.

You can call up your statements in our self-service. Here you can find the link: Meine Bescheinigungen (vw.vwg)"
 Good Morning ,  will like to change my working model time  from documentation recording on chronus to time based recording. Please any help on how to go about this?  ;"Hi, Chronos just doesn't automatically change from the ""time recording"" mode to the ""documentation"" mode. You have to actively initiate a switch from ""time recording"" to ""documentation"". A little screen then pops up and asks you if you really want to change the mode. So you have to click on ""change mode"" before the mode switches. ""You can switch between time recording and documentation mode every 6 months on the first day of the month. If you switch to documentation, your flexi time account will be frozen.""

Unfortunately we can't manually change the setting back to ""time recording"" mode once you've initiated a change. You have to apply for the ""time recording"" mode in Chronos again and wait for the 6 months period to pass.

You can find more information on the intranet page:

Chronos Absence and working time management - Cariad Net - Group Wiki (volkswagen-net.de)"
 Hallo, meine gesamten Stunden aus den ersten Arbeitstagen scheinen falsch verrechnet worden zu sein und wurden direkt auf das Gleitzeitkonto gebucht.;Hi, could you kindly just delete the very first entries in Chronos for that month (they might have been automatically pre-filled by the system itself) and re-enter your working hours? Chronos will then automatically adjust the flexi-time balance accordingly.
 Hallo, leider habe ich keinen Zugang mehr zu Chronos und dem Leadership Cockpit.  Ich bitte um Pr√ºfung, ob ich die n√∂tigen Rechte irgw. verloren habe. . ;Hi, that sure looks like a VPN connection issue to me. Please contact the EHD in that case or, if you happen to have a Mac, mac@volkswagen.de. And let them know you have been in contact with us before, otherwise, you might end up in circles. Best regards
 Hi zusammen, ich wollte heute meine Stunden in Chronos eintragen und da ist mir aufgefallen, dass ich nur noch zwischen 3 Varianten ausw√§hlen kann und nicht, wie noch letzte Woche, die realen Stunden eintragen kann. K√∂nnt ihr mir bitte sagen, wie ich die Stunden wieder ‚Äúreal‚Äù eintragen kann? ;"Hi, Chronos just doesn't automatically change from the ""time recording"" mode to the ""documentation"" mode. You have to actively initiate a switch from ""time recording"" to ""documentation"". A little screen then pops up and asks you if you really want to change the mode. So you have to click on ""change mode"" before the mode switches. ""You can switch between time recording and documentation mode every 6 months on the first day of the month. If you switch to documentation, your flexi time account will be frozen.""

Unfortunately we can't manually change the setting back to ""time recording"" mode once you've initiated a change. You have to apply for the ""time recording"" mode in Chronos again and wait for the 6 months period to pass.

You can find more information on the intranet page:

Chronos Absence and working time management - Cariad Net - Group Wiki (volkswagen-net.de)"
 When will the vacations for next year be added? Q4 started already.  ;Hi, the system prevents booking holidays from the current entitlement for the upcoming year. We are currently working on this topic and it hopefully should be solved in time. Please try to book the holiday for the upcoming year again a little later and let us know if it works. You can also already send your team lead (and team collegaues) the blocker for your whole Christmas/winter vacation in Outlook for organizational reasons.
 ,  ich habe noch 10 Urlaubstage aus dem Vorjahr und m√∂chte diese gerne im Januar nehmen (nach R√ºcksprache mit meiner F√ºhrungskraft). Leider l√§sst mich das System Chronos diese aber nicht im Januar buchen und verweist auf fehlendes Kontingent f√ºr n‰chstes Jahr. ;Hi, the system prevents booking holidays from the current entitlement for the upcoming year. We are currently working on this topic and it hopefully should be solved in time. Please try to book the holiday for the upcoming year again a little later and let us know if it works. You can also already send your team lead (and team collegaues) the blocker for your whole Christmas/winter vacation in Outlook for organizational reasons.
 Hallo zusammen, mir wird in  eine falsche Anzahl an Urlaubstagen angezeigt (s. Anhang). Eigentlich habe ich einen Urlaubsanspruch f√ºr letztes Jahr von Tagen. Aktuell stehen in  jedoch weniger Tage;Hi, the system prevents booking holidays from the current entitlement for the upcoming year. We are currently working on this topic and it hopefully should be solved in time. Please try to book the holiday for the upcoming year again a little later and let us know if it works. You can also already send your team lead (and team collegaues) the blocker for your whole Christmas/winter vacation in Outlook for organizational reasons.
 Hello, i tried to book holiday from dezember till january. ¬¥t work cause of 2 mistakes -holiday for next year is just bookable from 4. quarter   -less holiday days;Hi, the system prevents booking holidays from the current entitlement for the upcoming year. We are currently working on this topic and it hopefully should be solved in time. Please try to book the holiday for the upcoming year again a little later and let us know if it works. You can also already send your team lead (and team collegaues) the blocker for your whole Christmas/winter vacation in Outlook for organizational reasons.
 , mein Chronos Zugang funktioniert noch nicht. Muss ich etwas f√ºr die Chronos Aktivierung best√§tigen oder kann ich de Aktivierung beschleunigen? Vielen Dank f√ºr die R√ºckmeldung im Voraus. ;Hi, that sure looks like a VPN connection issue to me. Please contact the EHD in that case or, if you happen to have a Mac, mac@volkswagen.de. And let them know you have been in contact with us before, otherwise, you might end up in circles. Best regards
 , als ich letzte Woche meine Arbeitszeit eingetragen habe, bekam ich (wieder) den Fehler, dass mein Gleitzeitkonto bei der Eingabe √ºberschritten werden w√ºrde. Allerdings nur bei manchen Tagen. Andere Tage gingen hingegen problemlos. Mir fehlen jetzt noch ein paar Stunden, die ich nicht Eintragen konnte (auch nicht an anderen Tagen).   ihr mal reinschauen? Ist leider nicht das erste mal, dass ich das Problem habe.;Hi, das ist so gesehen kein Fehler von Chronos, sondern bedeutet lediglich, dass du in dem Betrachtungszeitraum insgesamt die 70h Grenze reiﬂen w¸rdest. Z.B. wenn du vor der Gleitzeit nahe an der 70h Obergrenze bist und Chronos daher keine Stundenverteilung in diesem Zeitraum erlaubt. Daher bitte immer zeitnah erfassen.
 Hallo, da  die Antr√§ge/Anfragen nicht mehr bearbeiten kann, nun √ºber diesen Weg. Ich bin aktuell krank und habe den Urlaubstag  mit krank¸berschrieben, konnte den Urlaubstag aber nicht stornieren. Es stehen immer noch die gleichen Urlaubstage da und daraus sind nciht mehr Urlaubstage geworden.  ;"Beim Thema ""Krankheit w‰hrend Urlaub"" ist folgendes wichtig:

""Bei Krankheit im Urlaub muss ab dem ersten Kalendertag im CARIDIAN Service Hub eine Arbeitsunf‰higkeitsbescheinigung (auf Deutsch oder Englisch) vorgelegt werden, damit die Urlaubstage dem Urlaubskontingent wieder gutgeschrieben werden kˆnnen. ""

Sick leave - Cariad Net - Group Wiki (vw.vwg)"
 , I have an issue planning my Christmas vacation for this year.  I had days of vacation for this year. Now I still have days left and wanted to book them for the two Christmas weeks in December and January. The message I received was, ‚ÄúI need days but only have days left‚Äù and that ‚Äúthe vacation days for next year will be available in Q4‚Äù  ;Hi, the system prevents booking holidays from the current entitlement for the upcoming year. We are currently working on this topic and it hopefully should be solved in time. Please try to book the holiday for the upcoming year again a little later and let us know if it works. You can also already send your team lead (and team collegaues) the blocker for your whole Christmas/winter vacation in Outlook for organizational reasons.
 Hallo, ich habe gerade versucht Urlaubstage einzutragen und dabei kam die Fehlermeldung auf.  Mache ich hier etwas falsch oder gibt es momentan Probleme mit dem System? ;Hi, the system prevents booking holidays from the current entitlement for the upcoming year. We are currently working on this topic and it hopefully should be solved in time. Please try to book the holiday for the upcoming year again a little later and let us know if it works. You can also already send your team lead (and team collegaues) the blocker for your whole Christmas/winter vacation in Outlook for organizational reasons.
 Good morning the chronos link no longer works for me.  ;Hi, that sure looks like a VPN connection issue to me. Please contact the EHD in that case or, if you happen to have a Mac, mac@volkswagen.de. And let them know you have been in contact with us before, otherwise, you might end up in circles. Best regards
 Hallo HR-Team, aus unerkl√§rlichen Gr√ºnden wird mir bei , die ‚ÄúDokumentation‚Äù und nicht die ‚ÄúZeiterfassung‚Äù angezeigt. Wozu beide Varianten existieren ist mir leider unklar. Mir ist jetzt nur bewusst, dass ich keine genauen Arbeitszeiten eintragen kann.  Kˆnnt  ihr bitte bei mir in  den Modus wieder auf Zeiterfassung wechseln? ;"Hi, Chronos just doesn't automatically change from the ""time recording"" mode to the ""documentation"" mode. You have to actively initiate a switch from ""time recording"" to ""documentation"". A little screen then pops up and asks you if you really want to change the mode. So you have to click on ""change mode"" before the mode switches. ""You can switch between time recording and documentation mode every 6 months on the first day of the month. If you switch to documentation, your flexi time account will be frozen.""

Unfortunately we can't manually change the setting back to ""time recording"" mode once you've initiated a change. You have to apply for the ""time recording"" mode in Chronos again and wait for the 6 months period to pass.

You can find more information on the intranet page:

Chronos Absence and working time management - Cariad Net - Group Wiki (volkswagen-net.de)"
 Hi zusammen,  die Einstellung in meinen Chronos ist wohl automatisch zu Dokumentation  gewechselt.  Das hatte ich nicht selber best√§tigt.  Leider kann ich erst zum sp‰teren Zeitpunkt in die Zeiterfassung  umstellen.   W√§re es m√∂glich, dass die  jetzt oder ab November wieder als Zeiterfassung gestellt wird?  vg ;"Hi, Chronos just doesn't automatically change from the ""time recording"" mode to the ""documentation"" mode. You have to actively initiate a switch from ""time recording"" to ""documentation"". A little screen then pops up and asks you if you really want to change the mode. So you have to click on ""change mode"" before the mode switches. ""You can switch between time recording and documentation mode every 6 months on the first day of the month. If you switch to documentation, your flexi time account will be frozen.""

Unfortunately we can't manually change the setting back to ""time recording"" mode once you've initiated a change. You have to apply for the ""time recording"" mode in Chronos again and wait for the 6 months period to pass.

You can find more information on the intranet page:

Chronos Absence and working time management - Cariad Net - Group Wiki (volkswagen-net.de)"
 Hallo zusammen, ich habe bei Cariad angefangen und von meiner alten Firma Tage mitgenommen. Ich sehe aber irgendwie Urlaubsanspruch f√ºr Jahr Tage.  Nicht falsch verstehen, das gef√§llt mir sehr gut aber ich kann mir es nicht vorstellen  K√∂nnt ihr das bitte √ºberpr√ºfen? ;HR Operations Task: check mismatch annual leave days
 Dear HR Team, In Chronos it was showing me that I have extra vacation days from the previous year. I am not sure where these extra days of holidays coming from. I started working at Cariad from , I used my vacation days in my previous company and I am sure I also sent you the information regarding my remaining holidays on the day of joining (I submitted the letter from my previous company).  Can you please check whether that information is added to my profile? Note: I also spent remaining days of holidays in the last year itself.;HR Operations Task: check mismatch annual leave days
 , i have no access to Chronos and HR Platform. ;Hi, that sure looks like a VPN connection issue to me. Please contact the EHD in that case or, if you happen to have a Mac, mac@volkswagen.de. And let them know you have been in contact with us before, otherwise, you might end up in circles. Best regards
 Hallo, ich habe aus Versehen in Chronos von Zeiterfassung auf Dokumentation geklickt und nun steht dass der Wechsel zum  vollzogen wird. Ich habe eine email erhalten, dass der Wechsel zum normalen Modus erst nach 6 Monaten m√∂glich ist. Ich will das aber nicht, ich m√∂chte den normalen Zeiterfassung Modus weiterbehalten. ;"Hi, Chronos just doesn't automatically change from the ""time recording"" mode to the ""documentation"" mode. You have to actively initiate a switch from ""time recording"" to ""documentation"". A little screen then pops up and asks you if you really want to change the mode. So you have to click on ""change mode"" before the mode switches. ""You can switch between time recording and documentation mode every 6 months on the first day of the month. If you switch to documentation, your flexi time account will be frozen.""

Unfortunately we can't manually change the setting back to ""time recording"" mode once you've initiated a change. You have to apply for the ""time recording"" mode in Chronos again and wait for the 6 months period to pass.

You can find more information on the intranet page:

Chronos Absence and working time management - Cariad Net - Group Wiki (volkswagen-net.de)"
 Hallo zusammen,  meine eingetragenen Urlaubstage in Chronos sind nicht mehr ersichtlich.  K√∂nnt ihr diese bitte Nachtragen: Im Zeitraum m√ºsste  eingetragen werden.;HR Operations Task: manual override
 Hello HR team, I get an info from Chronos that vacation next year can only be done in the 4th quarter, although it has;Hi, the system prevents booking holidays from the current entitlement for the upcoming year. We are currently working on this topic and it hopefully should be solved in time. Please try to book the holiday for the upcoming year again a little later and let us know if it works. You can also already send your team lead (and team collegaues) the blocker for your whole Christmas/winter vacation in Outlook for organizational reasons.
 Hallo. Es ist immer noch nicht m√∂glich den Urlaub f√ºr n‰chsten Januar zu buchen. Ich m√∂chte mit meinenUrlaubsanspruch lange Weihnachtsferien planen. Es ist nicht m√∂glich im System.  ;Hi, the system prevents booking holidays from the current entitlement for the upcoming year. We are currently working on this topic and it hopefully should be solved in time. Please try to book the holiday for the upcoming year again a little later and let us know if it works. You can also already send your team lead (and team collegaues) the blocker for your whole Christmas/winter vacation in Outlook for organizational reasons.
 Hallo, ich habe f√ºr komplett Gleitzeit in Cronos eingetragen. Es kann jedoch sein, das ich in der Woche 2 Tage arbeiten werde. Gibt es etwas zu beachten, wenn ich in der Woche die Erfassungs Art von Gleitzeit auf mobile Arbeit ‰ndere?;"Prinzipiell m¸sstest du den Gleitzeittag einfach umwandeln kˆnnen. Es ist nur wichtig zu beachten, dass du keine Gleitzeit zur¸ck bekommst, solltest du in krankheitsbedingt ausfallen:

""Bitte beachte, dass kein rechtlicher Anspruch auf die Gutschrift von Stunden besteht, sofern du an einem vorher beantragten Gleitzeittag erkrankst. Folglich werden dir die Stunden nicht wieder gutgeschrieben.""

Sick leave - Cariad Net - Group Wiki (vw.vwg)"
 Unfortunatly I am not able to open the Chronos Site;Hi, that sure looks like a VPN connection issue to me. Please contact the EHD in that case or, if you happen to have a Mac, mac@volkswagen.de. And let them know you have been in contact with us before, otherwise, you might end up in circles. Best regards
 I had days of Annual Leaves shown in Chronos till last week but this week it has become 0 days. I have already planned for  leave in December and it is approved. Please correct my annual leaves entitelment in Chronos.  ;HR Operations Task: check mismatch annual leave days
 Hallo, ich versuche schon seit einigen Tagen, meine Mobile Arbeit in eine Reise zu √§ndern. In  kommt aber immer der Fehler, dass das nicht funktioniert. Gibt es aktuell einen bug in ?   ;HR Operations Task: manual override
 Hallo, gerne w√ºrde ich die Geburturkunde meines Kindes als Nachweis f√ºr die in Chronos eingetragene anlassbezogene Freistellung einreichen. Wo kann ich dies bitte tun? ;"Hi, die Geburtsurkunde l‰dst du ¸ber das ServiceHub unter ""Hand in of Documents"" hoch. Da gibt es einen Document Type, der sich ""Geburtsurkunde Kind(er)"" nennt. In Chronos hinterlegst du bitte ""anlassbezogene Freistellung""."
still shows 10 remaining vacation days from last year even though I have used all my days in last year. Can you please fix this.  thanks, ;HR Operations Task: check mismatch annual leave days
 Dear service desk colleagues,  Since some days I can¬¥t access the system.;Hi, that sure looks like a VPN connection issue to me. Please contact the EHD in that case or, if you happen to have a Mac, mac@volkswagen.de. And let them know you have been in contact with us before, otherwise, you might end up in circles. Best regards
 Hallo Zusammen normalerweise werden max. 10 Urlaubstage ins neue Jahr √ºbertragen, dar√ºber hinausgehende Tage verfallen.  Fr√ºher gab es jedoch im VW Konzern die M√∂glichkeit, dass mehr als 10 Tage √ºbertragen werden konnten, wenn der Urlaub bereits im alten Jahr angetreten und √ºber den Jahreswechsel hinaus genommen wurde. Ich m√∂chte wissen ob diese Regelung weiterhin gilt. ;"Hi, die Urlaubsregelungen sind bei uns im HTV geregelt: prinzipiell kannst du max. 10 Tage mit ins Folgejahr nehmen:
""Gem‰ﬂ HTV CARIAD kannst du maximal 10 Tage Resturlaub in das Folgejahr ¸bertragen. Diese verfallen dann zum 31.12.""

FAQ Annual leave - Cariad Net - Group Wiki (volkswagen-net.de)"
 Hi, when I click the link now, I get a ‚Äúfailed to find server‚Äù message. https://hr.portal.prd.eu.bp.aws.cloud.vwgroup.com/time-management/  ;Hi, that sure looks like a VPN connection issue to me. Please contact the EHD in that case or, if you happen to have a Mac, mac@volkswagen.de. And let them know you have been in contact with us before, otherwise, you might end up in circles. Best regards
 Dear Sir or Madame, whenever I try to set dienstreise into Chronos I get message that system cannot make any changes and I should try it later. Later same issue - waiting didnt help. The dienstreise is registered in Cytric. ;HR Operations Task: manual override
 Dear Sir or Madam,  today I have tried to plan my absences for next year, however it seems that holidays for next year can not yet be planned and are not in the system.  I receive the following error message: ‚ÄúDein Antrag ben√∂tigt 2 Tage, du hast jedoch nur noch 0 Tage zur Verf√ºgung.‚Äù Could you please provide me with feedback when we can start planning absences for 2025?  ;"Hi, die Urlaubsregelungen sind bei uns im HTV geregelt: prinzipiell kannst du max. 10 Tage mit ins Folgejahr nehmen:
""Gem‰ﬂ HTV CARIAD kannst du maximal 10 Tage Resturlaub in das Folgejahr ¸bertragen. Diese verfallen dann zum 31.12.""

FAQ Annual leave - Cariad Net - Group Wiki (volkswagen-net.de)"
 I am getting this  when trying to access Chronos. This is regardless of which browser (Edge / Firefox).  ;Hi, that sure looks like a VPN connection issue to me. Please contact the EHD in that case or, if you happen to have a Mac, mac@volkswagen.de. And let them know you have been in contact with us before, otherwise, you might end up in circles. Best regards
 Hallo zusammen,  am ist bei mir in Chronos Urlaub eingetragen, offiziell ist das aber kein Arbeitstag bei mir. Kann dieser bitte noch entfernt werden?  ;HR Operations Task: working time model is defined in SAP as leading and needs to be changed
 Als Schwerbehinderter stehen mir 5 zus√§tzliche Urlaubstage zu, diese werden nicht angezeigt.  ;Autoresponse: SB / Schwerbehindertenurlaub should never be asked as part of ticket system
 Hi zusammen, ich hatte initial geplant abwesend zu sein (Teils Gleitzeit teils Tarifurlaub), nun habe ich eine Schulung mit Pr√ºfung Vor Ort bekommen und unterbreche daf√ºr meine Abwesenheit aus eigenem Wunsch. Chronos  l√§sst mich nun aber keine Dienstreise eintragen. Ich glaube hier ist im Hintergrund irgendwas durcheinander gegangen. Ich bitte um Hilfe Dienstreise Inland einzutragen. ;HR Operations Task: manual override
 Hallo zusammen, ich arbeite aktuell in Elternteilzeit Mi-Fr 24h pro Woche. Die Elternteilzeit ist befristet bis einschlie√ülich . Ab dem arbeite ich  30h pro Woche. In Absprache mit meiner HR-Businesspartnerin habe ich entsprechend Wahlarbeitszeit beantragt. Ihr zufolge bleibt die Elternteilzeit bis zum Ablauf bestehen und geht danach √ºber in die per WAZ beantragten Stunden. Jetzt wurde in Chronos allerdings schon ab dem  auf 30h ge√§ndert. Dies ist nicht korrekt. Daher bitte ich um Korrektur in Chronos: Bis einschlie√ülich  arbeite ich Mi-Fr 24h, danach  30h. Alle Antr√§ge sowie die Best√§tigung dieses Vorgehens habe ich ans Ticket geh√§ngt. Ich bitte um zeitnahe Bearbeitung da der betroffene Zeitraum bereits n√§chste Woche beginnt;"HR Operations Task: needs correction in SAP as ""Elternzeit"" / ""Parental Leave"" is a SAP leading type"
 Hallo, ich war auf Dienstreise. Wenn ich in der Zeiterfassung unter Art ‚ÄúDienstreise Inland‚Äù ausw√§hle und versuche das zu speichern, wirft das System einen generischen Fehler. (Allgemein wirft  ausschlie√ülich nur denselben generischen Fehler, egal um welche Fehler es tats√§chlich geht ‚Äì nicht sehr hilfreich.)  ;HR Operations Task: manual override
 Ich bin seit zur√ºck aus der Elternzeit. In Chronos ist die Elternzeit allerdings noch nicht beendet. ;"HR Operations Task: needs correction in SAP as ""Elternzeit"" / ""Parental Leave"" is a SAP leading type"
 Urlaub wird im Tool nicht korrekt angezeigt. Kurzfristig wurden wieder die korrekten Tage angezeigt. Jetzt wieder weniger Tage.   ;HR Operations Task: check mismatch annual leave days
" Hi all,  cannot login to Chronos anymore.  login the message  ""KPIs konnten nicht geladen werden"" is shown.  Edge and Firefox (see attached images). Restarting my Computer, deleting all browser history data and login data did not help. ";HR Operations Task: duplicate entries for anniversary
 Beim Versuch, die Dienstreise in Chronos nachzutragen, erscheint eine Fehlermeldung. Andere Eintragungen wie z.B. mobile Arbeit sind m√∂glich. Fehler trat das erste Mal am auf und besteht seitdem.  ;HR Operations Task: manual override
 Hallo zusammen, ich m√ºsste eine Dienstreise ins Ausland von bis (inkl. Zeiten) eintragen, erhalte aber die angeh√§ngte Fehlermeldung.  ihr mir in diesem Fall helfen? ;HR Operations Task: manual override
 Guten Tag, da ich zum die Firma verlasse m√∂chte ich meinen eingetragenen Urlaub f√ºr Dezember in CHRONOS wieder stornieren. K√∂nnen sie mir hierbei bitte behilflich sein da ich keine √Ñnderung vornehmen kann. ;"Please cancel your planned annual leave days by navigating to the ""request"" / ""Antr‰ge"" tab and create a new request for annual leave."
 Guten Tag, da ich zum die Firma CARIAD verlasse m√∂chte ich meinen eingetragenen Urlaub f√ºr Dezember in CHRONOS wieder stornieren. K√∂nnen sie mir hierbei bitte behilflich sein da ich keine √Ñnderung vornehmen kann. ;"Please cancel your planned annual leave days by navigating to the ""request"" / ""Antr‰ge"" tab and create a new request for annual leave."
" I am writing to seek your assistance regarding an issue I encountered with my time recording in Chronos. , I changed my time recording mode to ""documentation mode"" in April. As a result, I was unable to update my working hours. There are additional hours that remain unrecorded in Chronos I have attached an  where I recorded these hours, and I have also shared this information with my manager. I kindly request your assistance in adding these hours to my Chronos records.";"Hi, Chronos just doesn't automatically change from the ""time recording"" mode to the ""documentation"" mode. You have to actively initiate a switch from ""time recording"" to ""documentation"". A little screen then pops up and asks you if you really want to change the mode. So you have to click on ""change mode"" before the mode switches. ""You can switch between time recording and documentation mode every 6 months on the first day of the month. If you switch to documentation, your flexi time account will be frozen.""

Unfortunately we can't manually change the setting back to ""time recording"" mode once you've initiated a change. You have to apply for the ""time recording"" mode in Chronos again and wait for the 6 months period to pass.

You can find more information on the intranet page:

Chronos Absence and working time management - Cariad Net - Group Wiki (volkswagen-net.de)"
 I will leave CARIAD on . I need to erase my vacation days from and move them to another month, but I get an error when I try to. (‚ÄúEntschuldige, gerade kann das System keine √Ñnderungen verarbeiten.  versuche es sp√§ter erneut‚Äù).  days but the  is always being displayed. Please erase my vacation days from december, so that I can plan them before I leave the company;"Please cancel your planned annual leave days by navigating to the ""request"" / ""Antr‰ge"" tab and create a new request for annual leave."
 Hallo, ich erhalte Emails in denen steht, dass ich f√ºr dieses Jahr nur 4 Urlaubstage genommen habe und noch ein Resturlaub von Tagen habe. Das stimmt aber nicht. In chronos is es deutlich zu sehen, dass ich bereits Tage Urlaub genommen habe und die restlichen sind bereits verplant;HR Operations Task: check mismatch annual leave days
 Guten Morgen liebes HR Team, ich bekomme seit Tagen Mails zu meine Resturlaub.  Die Angaben stimmen nicht mit Chronos ¸berein und ich verstehe auch nicht warum ich die E-Mail jetzt so h√§ufig bekomme.  Kˆnnt ihr das bitte pr√ºfen? ;HR Operations Task: check mismatch annual leave days
 Hallo, ich habe heute die Erinnerungsmail erhalten, meinen Resturlaub zu verplanen. Die Angaben dort stimmen hinten und vorne nich: Ich soll noch Urlaubstage haben, davon 0 verplant.  Im 2. Screenshot aus  ist es korrekt dargestellt, ich hatte 10 RU Tage aus dem Vorjahr, nun habe ich nach allem noch UT offen, die auch komplett im n‰chsten Jahr verplant sind. Muss ich irgendwie aktiv werden? ;HR Operations Task: check mismatch annual leave days
 ¬† I am unable to enter hours manually in the hours field. I have only three options <8,>8 and >10.;"Hi, Chronos just doesn't automatically change from the ""time recording"" mode to the ""documentation"" mode. You have to actively initiate a switch from ""time recording"" to ""documentation"". A little screen then pops up and asks you if you really want to change the mode. So you have to click on ""change mode"" before the mode switches. ""You can switch between time recording and documentation mode every 6 months on the first day of the month. If you switch to documentation, your flexi time account will be frozen.""

Unfortunately we can't manually change the setting back to ""time recording"" mode once you've initiated a change. You have to apply for the ""time recording"" mode in Chronos again and wait for the 6 months period to pass.

You can find more information on the intranet page:

Chronos Absence and working time management - Cariad Net - Group Wiki (volkswagen-net.de)"
 Ich habe keinen Zugang mehr zu Chronos, Problem wurde mit Hotline mit verschiedenen Browsern bereits versucht, aber ohne Erfolg: Das war der Link: https://hr.portal.prd.eu.bp.aws.cloud.vwgroup.com/time-management/ ;Hi, that sure looks like a VPN connection issue to me. Please contact the EHD in that case or, if you happen to have a Mac, mac@volkswagen.de. And let them know you have been in contact with us before, otherwise, you might end up in circles. Best regards
 Hi, ich habe das Gef√ºhl, dass bei mir in Chronos die Anzahl der verbleibenden bzw. der entnommenen Urlaubstage nicht korrekt ist. Besteht die M√∂glichkeit das in einem kurzen Termin gemeinsam zu pr√ºfen?  ;HR Operations Task: check mismatch annual leave days
 Hallo! ich habe heute die Aufforderung bekommen Resturlaub zu verplanen. Chronos zeigt hier was anderes an, welche Datenbasis stimmt? ;HR Operations Task: check mismatch annual leave days
 Hi zusammen, ich glaube bei mir stimmt im Chronos das Urlaubskontingent nicht, da ich als Werkstudentin nur f√ºr ein halbes Jahr besch√§ftigt bin.  ihr da bitte nochmal dr√ºberschauen und das entsprechend anpassen?;HR Operations Task: check mismatch annual leave days
 Hallo, ich muss in  einen Urlaub durch Krankheit ersetzen. Wie kann ich einen bestehenden Urlaub ‚Äústornieren‚Äù? Wenn ich versuche, Urlaubszeitraum zu k√ºrzen, bekomme ich eine Meldung, dass das √úberschreiben nicht m√∂glich ist und ich den Antrag zuerst stornieren muss.   ;"Please cancel your planned annual leave days by navigating to the ""request"" / ""Antr‰ge"" tab and create a new request for annual leave."
 Hi zusammen,  bitte um Pr√ºfung der Chronos Urlaubstage bei  meinem Mitarbeiter. Er hat derzeit Tage in Chronos stehen. Das kann nicht stimmen.  war so ehrlich und hat sich gemeldet.;HR Operations Task: check mismatch annual leave days
 , I have an upcoming business trip and I checked to update it and unable to reset it. It is in October and I tried to select the whole trip and saved. I want to remove it and update day to day as every day case. Could you please help me with how to reset the entries in October for the case of Business trip?;HR Operations Task: manual override
 Hallo liebe Leute, ich habe gestern aus Versehen die Art meiner Stundenerfassung in Chronos ge√§ndert, allerdings auch wieder storniert.  ihr bitte so nett sein zu pr√ºfen, dass ich auf ‚ÄúZeiterfassung‚Äù stehe?;"Hi, Chronos just doesn't automatically change from the ""time recording"" mode to the ""documentation"" mode. You have to actively initiate a switch from ""time recording"" to ""documentation"". A little screen then pops up and asks you if you really want to change the mode. So you have to click on ""change mode"" before the mode switches. ""You can switch between time recording and documentation mode every 6 months on the first day of the month. If you switch to documentation, your flexi time account will be frozen.""

Unfortunately we can't manually change the setting back to ""time recording"" mode once you've initiated a change. You have to apply for the ""time recording"" mode in Chronos again and wait for the 6 months period to pass.

You can find more information on the intranet page:

Chronos Absence and working time management - Cariad Net - Group Wiki (volkswagen-net.de)"
Eine Mitarbeiterin kam auf mich zu.  Sie ist in Elternzeit. Bei ihr waren jetzt wiederholt die Urlaubstage nicht korrekt auf ihrer Abrechnung. Da ich wei√ü, dass es hier auch mal zu √úbertragungsfehlern kommen kann, habe ich sie gebeten abzuwarten, bis die n‰chste Abrechnung kommt.  Laut der letzten Abrechnung hat sie alle Urlaubstage genommen.  Auf der Abrechnung hat sie allerdings noch Tage Resturlaub.  das bitte pr√ºfen? Mir geht es nur darum, sonst haben wir im schlimmsten Fall wieder das Thema Resturlaub, wenn sie aus ihrer Elternzeit zur√ºck kommt. ;HR Operations Task: check mismatch annual leave days
 Hallo, in Chronos ist hinterlegt, dass ich noch Resturlaubstage aus dem letzten Jahr mit ins neue Jahr r¸bergenommen h‰tte. Dies stimmt so jedoch nicht, da ich aus dem letzten Jahr keine Resturlaubstage mehr hatte. ;HR Operations Task: check mismatch annual leave days
Iich versuche gerade meine Dienstreise nach England zu erfassen. Daf√ºr bin ich am Sonntag angereist und war 16 Stunden unterwegs. Wenn ich versuche, das zu speichern, bekomme ich eine Fehlermeldung. Wie gehe ich damit um? ;HR Operations Task: manual override
 Hi zusammen,  k√∂nnt ihr bitte bei der Mitarbeiterin Freitag Stunden hinterlegen. Die Mitarbeiterin hat am Freitag eigentlich frei, aufgrund einer Erprobungsvorbereitung war es aus betrieblichen Gr√ºnden zwingend notwendig, dass sie dies am Freitag tut.;HR Operations Task: manual override
 Hallo,  ich werden zum austreten, damit habe ich noch meinen vollen Urlaubsanspruch. Leider zeigt das Tool mir weniger Urlaubstage. Meine HR-Betreuerin bat mich, hier ein Ticket zu l√∂sen, da das falsch sei - nat√ºrlich sollten da 30 Urlaubstage stehen. Ich bitte das zu korrigieren. ;HR Operations Task: check mismatch annual leave days
 Hallo zusammen, mir werden in Chronos nach wie vor zu viele Tage Urlaub (wenn ich mich nicht verz√§hlt habe) angezeigt. M√∂glicherweise handelt es sich um die 10 Tage, die ich letztes Jahr bereits bei meinem alten Arbeitgeber in Anspruch genommen habe.  ihr das bitte einmal pr√ºfen? Wird dies korrigiert? ;HR Operations Task: check mismatch annual leave days
 calculation of holydays not clear/ faulty;HR Operations Task: check mismatch annual leave days
 , ich kann leider ab dem kein Gleitzeit mehr anlegen. Kˆnnt ihr mir bitte sagen warum ?;"Hi, Chronos just doesn't automatically change from the ""time recording"" mode to the ""documentation"" mode. You have to actively initiate a switch from ""time recording"" to ""documentation"". A little screen then pops up and asks you if you really want to change the mode. So you have to click on ""change mode"" before the mode switches. ""You can switch between time recording and documentation mode every 6 months on the first day of the month. If you switch to documentation, your flexi time account will be frozen.""

Unfortunately we can't manually change the setting back to ""time recording"" mode once you've initiated a change. You have to apply for the ""time recording"" mode in Chronos again and wait for the 6 months period to pass.

You can find more information on the intranet page:

Chronos Absence and working time management - Cariad Net - Group Wiki (volkswagen-net.de)"
 Hallo,  ist es m√∂glich, bereits vergangene Urlaubstage zu stornieren und durch Gleitzeit zu ersetzen? Es gibt in Chronos zumindest einen Button zum Stornieren des Urlaubes;Nachtr‰gliche Umwandlung von bereits genehmigten und genommenem Urlaub in Gleitzeit ist leider nicht mˆglich.
 Hi Chronos Team, I wanted to enter my sick leave starting today and ending tomorrow per current estimation.  wanted to use the option Krank < 3 Tage. But when I try to select the respective end date, every option is greyed out. I tried to separately add the second day, but this also fails. The entry Krank < 3 Tage is greyed out. Is this a bug or is there anything missing from my side?  ;Hi, sick leave (<) smaller than 3 days can only be entered that very day or in the past and only for 3 consecutive days.
 I have unplanned holidays and i tried to book those holidays in January next year in cronos. But i am getting an error. I think i can take 10 holidays from this year to the next. why i am not able to book it in Cronos. can you please help me to book it?;Hi, the system prevents booking holidays from the current entitlement for the upcoming year. We are currently working on this topic and it hopefully should be solved in time. Please try to book the holiday for the upcoming year again a little later and let us know if it works. You can also already send your team lead (and team collegaues) the blocker for your whole Christmas/winter vacation in Outlook for organizational reasons.
 Hallo zusammen,  folgendes Problem hatte ich schon mal und es wurde von euch h‰ndisch gelˆst, was nicht zufriedenstellend ist, wenn es beim n‰chsten Mal wieder auftaucht  : Am Sonntag, habe ich eine inl‰dische Dienstreise (neu) angetreten und muss hierf¸r in Chronos 3,5 Stunden Reisezeit eintragen. Die Dienstreise wird bis dauern. Kˆnnt  ihr mich bitte f¸r den Sonntag freischalten, damit ich meine Stunden eintragen kann;HR Operations Task: manual override
 I tried to restart of Brwoser, PC, updated the browser‚Ä¶  ;Hi, that sure looks like a VPN connection issue to me. Please contact the EHD in that case or, if you happen to have a Mac, mac@volkswagen.de. And let them know you have been in contact with us before, otherwise, you might end up in circles. Best regards
 Hallo, ich bin leider w√§hrend meiner Abwesenheit krank geworden. Die entsprechenden Atteste werden nun ja elektronisch direkt √ºbermittelt. Muss ich die Daten dennoch manuell in Chronos anpassen oder geschieht dies dann automatisch? Geplante Gleitzeittage sind nicht von  betroffen bzw. werden nicht zur√ºckerstattet, korrekt? ;"Hi, prinzipiell sind Krankheiten in Chronos zu dokumentieren. Zudem ist zwischen der 3-Tage-Regelung (Krankheit ? 3 Tage) und einer Krankheit > 3 Tage zu unterscheiden (also noch ein Grund, weshalb die manuelle Pflege in Chronos wichtig ist).

""Bei Krankheit im Urlaub muss ab dem ersten Kalendertag eine Arbeitsunf‰higkeitsbescheinigung vorgelegt werden, damit die Urlaubstage dem Urlaubskontingent wieder gutgeschrieben werden kˆnnen. Bitte beachte, dass kein rechtlicher Anspruch auf die Gutschrift von Stunden besteht, sofern du an einem vorher beantragten Gleitzeittag erkrankst. Folglich werden dir die Stunden nicht wieder gutgeschrieben.""

Sick leave - Cariad Net - Group Wiki (volkswagen-net.de)"
 Hallo, am und am ist ein Arbeitstag in Chronos erfasst, obwohl die Tage im Rahmen meiner Teilzeit ausgegraut sein sollten. ;HR Operations Task: working time model is defined in SAP as leading and needs to be changed
 Hi, I cannot access Chronos anymore. Could you please tell me what I could do? ;Hi, that sure looks like a VPN connection issue to me. Please contact the EHD in that case or, if you happen to have a Mac, mac@volkswagen.de. And let them know you have been in contact with us before, otherwise, you might end up in circles. Best regards
 Hi together, after your Mail  regarding the annual leave an the planning for the rest of the days I tried to plan the days for next year. In Chronos theres a hint, that I have  0 days which i can plan on the upcoming year (screenshot). ;HR Operations Task: check mismatch annual leave days
 Hallo, ich kann chronos und den ganze HR portal nicht √∂ffnen.;Hi, that sure looks like a VPN connection issue to me. Please contact the EHD in that case or, if you happen to have a Mac, mac@volkswagen.de. And let them know you have been in contact with us before, otherwise, you might end up in circles. Best regards
 Dear HR Support, I would like to set my time recording type in Chronos to ‚ÄúMobile work abroad‚Äù for the following days in the current year:  Note that the application for this mobile work from abroad has  approved. I tried it some weeks before, but even then it did not work. I want to set this so that it‚Äôs also visible in Chronos.;HR Operations Task: manual override
 Hello all, i was on ‚ÄúErprobung‚Äù from til . Unfortunately i cant commit this in Chronos getting an : System cant handle Updates currently. , i can change the mentioned days to mobile work for example. => Can you please change the days to ‚ÄúEprobung‚Äù;HR Operations Task: manual override
 I just joined the company and accidently chose ‚ÄúDokumentation‚Äú mode in chronos but for my needs the ‚ÄúZeiterfassung‚Äú would be correct.  there seems no way back and nothing is really documented at that point, could you maybe reset or change this and let me choose the ‚ÄúZeiterfassung‚Äú?;"Hi, Chronos just doesn't automatically change from the ""time recording"" mode to the ""documentation"" mode. You have to actively initiate a switch from ""time recording"" to ""documentation"". A little screen then pops up and asks you if you really want to change the mode. So you have to click on ""change mode"" before the mode switches. ""You can switch between time recording and documentation mode every 6 months on the first day of the month. If you switch to documentation, your flexi time account will be frozen.""

Unfortunately we can't manually change the setting back to ""time recording"" mode once you've initiated a change. You have to apply for the ""time recording"" mode in Chronos again and wait for the 6 months period to pass.

You can find more information on the intranet page:

Chronos Absence and working time management - Cariad Net - Group Wiki (volkswagen-net.de)"
short question about the process to receive the special holidays that are spent by the company on child birth and marriage. For our child I already uploaded the birth certificate document due to the parental abesence. Is this directly used to get this extra day of holiday? Later this year we‚Äôre getting married as well.  guess I need to upload a copy as well?  this form ‚Äúabsence and working time management‚Äù the way to go? ;"Hi, die Geburtsurkunde l‰dst du ¸ber das ServiceHub unter ""Hand in of Documents"" hoch. Da gibt es einen Document Type, der sich ""Geburtsurkunde Kind(er)"" nennt. In Chronos hinterlegst du bitte ""anlassbezogene Freistellung""."
I accidentially changed my time registration to documentation. Sorry for that. First day after parental leave and I wanted to check my HR details and made this fault. I‚Äôve reversed the change, after I noticed my fault - there was a possibility cancel/reverse the change. Just to be sure as I got an E-Mail of the change with the hint, that it can only be done every 6 months, I want to ask you, if it stays at time registration and did not change to documentation. Thank you very much, ;"Hi, Chronos just doesn't automatically change from the ""time recording"" mode to the ""documentation"" mode. You have to actively initiate a switch from ""time recording"" to ""documentation"". A little screen then pops up and asks you if you really want to change the mode. So you have to click on ""change mode"" before the mode switches. ""You can switch between time recording and documentation mode every 6 months on the first day of the month. If you switch to documentation, your flexi time account will be frozen.""

Unfortunately we can't manually change the setting back to ""time recording"" mode once you've initiated a change. You have to apply for the ""time recording"" mode in Chronos again and wait for the 6 months period to pass.

You can find more information on the intranet page:

Chronos Absence and working time management - Cariad Net - Group Wiki (volkswagen-net.de)"
 Hallo, ich wollte etwas pr√ºfen und habe wohl versehentlich eine andere Zeiterfassung aktiviert, in dem ich unter  (vwgroup.com) auf Dokumentation geklickt habe. Hier ein Auszug der Best√§tigungsemail: Liebe/r CARIDIAN, du hast dich am 26.08.2024 f√ºr einen Wechsel von der Zeiterfassung in die Dokumentation entschieden. Dieser Wechsel wird zum 01.09.2024 vollzogen.  beachte, dass du fr√ºhestens nach 6 Monaten im neuen Modus erneut einen Wechsel vornehmen kannst. Weitere Informationen rund um das Thema Arbeitszeit findest du im¬†CARIDIAN Intranet. Dein HR Team Das wollte ich jedoch nicht wirklich absichtlich aktivieren. Kann man dies bitte R√ºckg√§ngig machen?;"Hi, Chronos just doesn't automatically change from the ""time recording"" mode to the ""documentation"" mode. You have to actively initiate a switch from ""time recording"" to ""documentation"". A little screen then pops up and asks you if you really want to change the mode. So you have to click on ""change mode"" before the mode switches. ""You can switch between time recording and documentation mode every 6 months on the first day of the month. If you switch to documentation, your flexi time account will be frozen.""

Unfortunately we can't manually change the setting back to ""time recording"" mode once you've initiated a change. You have to apply for the ""time recording"" mode in Chronos again and wait for the 6 months period to pass.

You can find more information on the intranet page:

Chronos Absence and working time management - Cariad Net - Group Wiki (volkswagen-net.de)"
 Hallo Team HR, m√∂chte meinen Urlaub am Jahresende eintragen. Bekomme eine Fehlermeldung. Habe noch gen¸gend Resturlaub f¸r den geplanten Urlaub. Bitte um Unterst√ºtzung;Hi, the system prevents booking holidays from the current entitlement for the upcoming year. We are currently working on this topic and it hopefully should be solved in time. Please try to book the holiday for the upcoming year again a little later and let us know if it works. You can also already send your team lead (and team collegaues) the blocker for your whole Christmas/winter vacation in Outlook for organizational reasons.
 Hallo, gibt es in  die M√∂glichkeit mir die Statistik f√ºr meine Arbeitszeit (Office-Zeit, Mobile-Arbeit, Krankheit, Urlaub, etc.) f√ºr ein Jahr anzuzeigen? Ich w√ºrde diese Informationen gerne f√ºr meine Steuererkl√§rung benutzen. Ich hatte jetzt schon selbst in  geguckt, aber nichts dergleichen gefunden.;"Chronos currently does not have an export function unfortunately, but we are working on it. As proof of your office days and days in mobile work, feel free to use your January statement from the following year. Here is a breakdown of exactly how many days you have worked remotely.

You can call up your statements in our self-service. Here you can find the link: Meine Bescheinigungen (vw.vwg)"
 Hallo, offenbar habe ich aus Versehen den Wechsel von der Zeiterfassung in die Dokumentation entschieden. Das wollte ich gar nicht. Leider habe ich das Mail auch nicht vorher gesehen, da ich seitdem im Urlaub war. Gibt es eine M√∂glichkeit dies wieder r√ºckg√§ngig zu machen.  ;"Hi, Chronos just doesn't automatically change from the ""time recording"" mode to the ""documentation"" mode. You have to actively initiate a switch from ""time recording"" to ""documentation"". A little screen then pops up and asks you if you really want to change the mode. So you have to click on ""change mode"" before the mode switches. ""You can switch between time recording and documentation mode every 6 months on the first day of the month. If you switch to documentation, your flexi time account will be frozen.""

Unfortunately we can't manually change the setting back to ""time recording"" mode once you've initiated a change. You have to apply for the ""time recording"" mode in Chronos again and wait for the 6 months period to pass.

You can find more information on the intranet page:

Chronos Absence and working time management - Cariad Net - Group Wiki (volkswagen-net.de)"
" Hello HR Team, I received this email: Hello CARIDIAN, we would like to draw your attention to the fact that you are entitled to one day of paid leave due to 10 years of service in the period from . To take this day off, please enter ""Anniversary"" as an absence in Chronos. Registration will only be possible at the beginning of the claim, but feel free to coordinate the day with your manager in advance. If the one day is not withdrawn within the period, the entitlement expires according to ß7 of the framework collective agreement.   regards Your HR Operations Team I was on vacation until today and wanted to set the anniversary date to yesterday but I get an error from chronos. Can you tell me how I can use the anniversary day?     ";"Hi, please do not book it as ""occasion-related absence"". The anniversary is treated as an additional annual leave day that can only be booked within a specific time frame."
 Hallo zusammen, ich habe seit mehreren Tagen keinen Zugriff auf Chronos mehr. ( funktioniert noch). Ich bin mit dem VPN verbunden und habe bereits mehrere Browser ausprobiert sowie  gel√∂scht. K√∂nnt ihr mir weiterhelfen?   ;Hi, that sure looks like a VPN connection issue to me. Please contact the EHD in that case or, if you happen to have a Mac, mac@volkswagen.de. And let them know you have been in contact with us before, otherwise, you might end up in circles. Best regards
ich habe meine Elternzeit ge√§ndert. Urspr√ºnglich wollte ich vom bis zum in (Elternzeit-)Teilzeit arbeiten. Das habe ich mit einem neuen Antrag ge√§ndert. Jetzt sollte ich im Zeitraum vom  bis zum regul√§r besch√§ftigt sein und entsprechend ein Soll von 35h/Woche haben. Chronos geht aber anscheinend noch von anderen Wochenstunden aus;"HR Operations Task: needs correction in SAP as ""Elternzeit"" / ""Parental Leave"" is a SAP leading type"
 Hi,  I am unable to access Chronos. I am getting the attached screenshot whenever I try to log in   ;Hi, that sure looks like a VPN connection issue to me. Please contact the EHD in that case or, if you happen to have a Mac, mac@volkswagen.de. And let them know you have been in contact with us before, otherwise, you might end up in circles. Best regards
 Hallo zusammen,  Besteht die M√∂glichkeit Chronos √ºber das IPhone zu bedienen? Wenn ja, wie?  ;Hi, Chronos is not optimized for the use on mobile phones
 Bei mir fehlt in BCS der Eintrag f√ºr :  in chronos ist er bereits seit einigen korrekt als Dienstreise hinterlegt in BCS kann ich ihn nicht nachtragen vgl. anh√§ngende Screenshots  Was kann ich tun, um diese Abweichung zu korrigieren?  ;"Hi,
leider bieten wir nur die Verlinkung an zu BCS, haben jedoch keinen Einfluss auf die Inhalte. Wende dich daher bitte an internal.project.effort.card.r.all@cariad.technology
Vielen Dank"
 Ich bin an einem Infekt erkrankt und kann den (morgigen) dritten Tag nicht in Chronos eintragen;Hi, sick leave (<) smaller than 3 days can only be entered that very day or in the past and only for 3 consecutive days.
 Hi all,  I thought of taking Bildungsurlaub and both time periods got approved. Unfortunately the courses are by now fully booked so that participation is not possible anymore.  delete the entries of Bildungsurlaub as I cannot do it on my own;HR Operations Task: manual override
 Hi zusammen, Am hatte ich eine Dienstreise in Chronos eingetragen. Den Tag wollte ich nun nachtr√§glich zu Erprobung √§ndern, da es keine Dienstreise sondern eine Erprobung war. Fehlerhafte Informationen und lange Wartezeiten auf meine Fragen haben dazu gef√ºhrt, dass ich den Eintrag nun nicht mehr selbst √§ndern kann. K√∂nntet ihr den Tag auf Erprobung √§ndern? ;HR Operations Task: manual override
 Hallo HR-Team, in Cronos ist seit dem bei mir keine Aktualisierung (Eintragung) der Stunden m√∂glich. ;"Hi, Chronos just doesn't automatically change from the ""time recording"" mode to the ""documentation"" mode. You have to actively initiate a switch from ""time recording"" to ""documentation"". A little screen then pops up and asks you if you really want to change the mode. So you have to click on ""change mode"" before the mode switches. ""You can switch between time recording and documentation mode every 6 months on the first day of the month. If you switch to documentation, your flexi time account will be frozen.""

Unfortunately we can't manually change the setting back to ""time recording"" mode once you've initiated a change. You have to apply for the ""time recording"" mode in Chronos again and wait for the 6 months period to pass.

You can find more information on the intranet page:

Chronos Absence and working time management - Cariad Net - Group Wiki (volkswagen-net.de)"
 ,   few days my Chronos/HR portal is not available.  screenshot. I already did the ‚ÄúBrowsercheck‚Äù but that also did not help to fix the issue.  ;Hi, that sure looks like a VPN connection issue to me. Please contact the EHD in that case or, if you happen to have a Mac, mac@volkswagen.de. And let them know you have been in contact with us before, otherwise, you might end up in circles. Best regards
 Guten Tag, ich kann leider seit nicht mehr auf Chronos zugreifen. Es wird angeh√§ngte Fehlermeldung angezeigt. ;Hi, that sure looks like a VPN connection issue to me. Please contact the EHD in that case or, if you happen to have a Mac, mac@volkswagen.de. And let them know you have been in contact with us before, otherwise, you might end up in circles. Best regards
 I already worked a long time with Chronos. But now without any reason, m not able to access anymore;Hi, that sure looks like a VPN connection issue to me. Please contact the EHD in that case or, if you happen to have a Mac, mac@volkswagen.de. And let them know you have been in contact with us before, otherwise, you might end up in circles. Best regards
 Hi, ich hab eine Frage - ist es m√∂glich aus Chronos oder √ºber ein anderes Portal eine Zusammenfassung des letzten Jahres zu bekommen? Also wie viele Tage HomeOffice, wie viele Tage im B√ºro, auf Erprobung etc.? W√§re sehr hilfreich f√ºr die Steuer. Hier hab ich bisher leider nichts gefunden. ;"Chronos currently does not have an export function unfortunately, but we are working on it. As proof of your office days and days in mobile work, feel free to use your January statement from the following year. Here is a breakdown of exactly how many days you have worked remotely.

You can call up your statements in our self-service. Here you can find the link: Meine Bescheinigungen (vw.vwg)"
 Hallo Zusammen, die Chronos und HR Portal Seite funktionieren nicht bei mir. Ich kann meine Zeiten leider nicht einsehen.  ;Hi, that sure looks like a VPN connection issue to me. Please contact the EHD in that case or, if you happen to have a Mac, mac@volkswagen.de. And let them know you have been in contact with us before, otherwise, you might end up in circles. Best regards
 Hallo ich hab das Problem das in chrome bei mobiler Arbeit die Stunden standardm√§√üig mit einer anderer Std eingetragen werden.     ;HR Operations Task: working time model is defined in SAP as leading and needs to be changed
 Hallo, ich bin in Berlin angestellt aber habe in  einen Feiertag aus Bayern eingetragen. ;HR Operations Task: working time model is defined in SAP as leading and needs to be changed
 Ich erhalte beim Buchen meines Urlaubs eine Fehlermeldung, obwohl eigentlich genug Tage vorhanden w√§ren.  ;Hi, the system prevents booking holidays from the current entitlement for the upcoming year. We are currently working on this topic and it hopefully should be solved in time. Please try to book the holiday for the upcoming year again a little later and let us know if it works. You can also already send your team lead (and team collegaues) the blocker for your whole Christmas/winter vacation in Outlook for organizational reasons.
 Dear all,  unfortunately BY mistake in Chronos i clicked the buttom to switch from Documentation to Time Recording . I received an email that the change will be done from However, I want to stay at documentation . I pressed the buttom to reset the change but didn‚Äôt receive any email confirmation. Could you please be so kind and check centrally and adjust if needed? I want to stay at documentation also from  onwards. I apologize for any inconvenience and hope for your support. , ;"Hi, Chronos just doesn't automatically change from the ""time recording"" mode to the ""documentation"" mode. You have to actively initiate a switch from ""time recording"" to ""documentation"". A little screen then pops up and asks you if you really want to change the mode. So you have to click on ""change mode"" before the mode switches. ""You can switch between time recording and documentation mode every 6 months on the first day of the month. If you switch to documentation, your flexi time account will be frozen.""

Unfortunately we can't manually change the setting back to ""time recording"" mode once you've initiated a change. You have to apply for the ""time recording"" mode in Chronos again and wait for the 6 months period to pass.

You can find more information on the intranet page:

Chronos Absence and working time management - Cariad Net - Group Wiki (volkswagen-net.de)"
 Hallo Zusammen,  ich bin im April von M√ºnchen nach Braunschweig gezogen. Aktuell sind immer noch die bayrischen Feiertage in Chronos enthalten. Bsp. der Feiertag morgen Um dei Stunden korrekt zu schreiben, sollten die Feiertage raus aus Chronos. Viele Gr√º√üe, ;HR Operations Task: working time model is defined in SAP as leading and needs to be changed
 Via MS Edge: https://hr.portal.prd.eu.bp.aws.cloud.vwgroup.com/time-management/ Kommt bei mir die Fehlermeldung: Hmmm...diese Seite ist leider nicht erreichbar Die Antwort von hr-portal.auth.eu-west-1.amazoncognito.com hat zu lange gedauert Ist der Fehler bekannt?  ;Hi, that sure looks like a VPN connection issue to me. Please contact the EHD in that case or, if you happen to have a Mac, mac@volkswagen.de. And let them know you have been in contact with us before, otherwise, you might end up in circles. Best regards
 Hallo, ich m√∂chte erfahren, ob ich von  irgendeinen ‚ÄúSummenbericht‚Äù o.√§. bekommen kann, in dem f√ºr eine Zeit (z.B. Jahr) sehen kann wie viele Tage ich krank war, oder wie viele war ich in Mobile Arbeit usw.  Aktuell sehe ich keine andere M√∂glichkeit, als selber durch die Monate zu gehen und z√§hlen‚Ä¶ Viele Gr√º√üe!  ;"Chronos currently does not have an export function unfortunately, but we are working on it. As proof of your office days and days in mobile work, feel free to use your January statement from the following year. Here is a breakdown of exactly how many days you have worked remotely.

You can call up your statements in our self-service. Here you can find the link: Meine Bescheinigungen (vw.vwg)"
 Hi, Within this month I will be moving from my current place (Karlsruhe) to my new place (Maulbronn). Am I entitled to have holiday for it ? ;"You can take a vacation day for the move (only at intervals of 3 years or if the move was initiated by CARIAD).

Please make sure to upload a proof in the Servicehub (e.g. proof from the residents' registration office).

In Chronos you just put in the ""occasion-related paid time off"" for the day of the move.

You can find more information here:

Occasion-related paid time off - Cariad Net - Group Wiki (volkswagen-net.de)"
 Die Arbeitsorte vom stimmen nicht, weil dieser Monat autom. ausgef√ºllt wurde. Ich m√∂chte die Tage gern korrigieren (lassen), damit es keine Unstimmigkeiten in der Abrechnung gibt.  ;HR Operations Task: manual override
 Hallo liebes HR Team, die Stundeneintragung hat sich ge√§ndert kleiner Zeichen mit unterstrich warum ist das so? ;"Hi, Chronos just doesn't automatically change from the ""time recording"" mode to the ""documentation"" mode. You have to actively initiate a switch from ""time recording"" to ""documentation"". A little screen then pops up and asks you if you really want to change the mode. So you have to click on ""change mode"" before the mode switches. ""You can switch between time recording and documentation mode every 6 months on the first day of the month. If you switch to documentation, your flexi time account will be frozen.""

Unfortunately we can't manually change the setting back to ""time recording"" mode once you've initiated a change. You have to apply for the ""time recording"" mode in Chronos again and wait for the 6 months period to pass.

You can find more information on the intranet page:

Chronos Absence and working time management - Cariad Net - Group Wiki (volkswagen-net.de)"
 Hi everyone, as of I‚Äôve started full time at (previous working student). For last year I had 10 days carried over, resulting in a full contingency of 40 days for this year. This was also reflected until, now it says I only have 38 as contingency. Could you please correct this?;HR Operations Task: check mismatch annual leave days
 I seem to have changed my ‚ÄúAbrechnungsmodus‚Äú by accident and can now only enter approximate working hours in chronos.  change that back or do i have to wait another six months?  ;"Hi, Chronos just doesn't automatically change from the ""time recording"" mode to the ""documentation"" mode. You have to actively initiate a switch from ""time recording"" to ""documentation"". A little screen then pops up and asks you if you really want to change the mode. So you have to click on ""change mode"" before the mode switches. ""You can switch between time recording and documentation mode every 6 months on the first day of the month. If you switch to documentation, your flexi time account will be frozen.""

Unfortunately we can't manually change the setting back to ""time recording"" mode once you've initiated a change. You have to apply for the ""time recording"" mode in Chronos again and wait for the 6 months period to pass.

You can find more information on the intranet page:

Chronos Absence and working time management - Cariad Net - Group Wiki (volkswagen-net.de)"
 Hallo,  ich habe versehentlich in Chronos von Zeiterfassung auf Dokumentation gewechselt. Das Wechseldatum ist laut Chronos der Da dies ein versehen meinerseits war, habe ich den Antrag direkt wieder mit ‚ÄúWechsel Stornieren‚Äù storniert. Kurz darauf habe ich eine Mail erhalten, dass der Wechsel zum stattfindet. F√ºr die Stornierung des Antrags habe ich jedoch keine Best√§tigung erhalten.  K√∂nnen sie mit bitte sagen, ob der Antrag auch final storniert wurde oder den Antrag (die Antr√§ge) alle stornieren? ;"Hi, Chronos just doesn't automatically change from the ""time recording"" mode to the ""documentation"" mode. You have to actively initiate a switch from ""time recording"" to ""documentation"". A little screen then pops up and asks you if you really want to change the mode. So you have to click on ""change mode"" before the mode switches. ""You can switch between time recording and documentation mode every 6 months on the first day of the month. If you switch to documentation, your flexi time account will be frozen.""

Unfortunately we can't manually change the setting back to ""time recording"" mode once you've initiated a change. You have to apply for the ""time recording"" mode in Chronos again and wait for the 6 months period to pass.

You can find more information on the intranet page:

Chronos Absence and working time management - Cariad Net - Group Wiki (volkswagen-net.de)"
 Hi zusammen, ich kann meine Abwesenheiten in Chronos seit einer Woche leider nicht aktualisieren. Ich erhalte die angeh√§ngte Fehlermeldung.  ihr das bitte mal checken? ;Hi, that sure looks like a VPN connection issue to me. Please contact the EHD in that case or, if you happen to have a Mac, mac@volkswagen.de. And let them know you have been in contact with us before, otherwise, you might end up in circles. Best regards
 Hallo,  ich erhalte seit zwei Tagen immer eine Meldung, dass mein Gleitzeitlimit erreicht sei, obwohl ich nicht mein Limit erreicht habe. Ich kann somit meine Zeitangaben nicht korrekt eingeben. Bitte um schnelle Unterst√ºtzung, da ich die Daten vor Ende Juni noch eingeben muss, bevor das Zeitfenster geschlossen wird.  ;Hi, das ist so gesehen kein Fehler von Chronos, sondern bedeutet lediglich, dass du in dem Betrachtungszeitraum insgesamt die 70h Grenze reiﬂen w¸rdest. Z.B. wenn du vor der Gleitzeit nahe an der 70h Obergrenze bist und Chronos daher keine Stundenverteilung in diesem Zeitraum erlaubt. Daher bitte immer zeitnah erfassen.
 Hallo, in  Chronos geht meine Elternzeit nur bis zum In meiner Best√§tigung von HR steht allerdings ein anderer Tag (so wie ich das auch beantragt habe). Kˆnnt ihr den bitte als meinen letzten Tag der Elternzeit hinterlegen? ;"HR Operations Task: needs correction in SAP as ""Elternzeit"" / ""Parental Leave"" is a SAP leading type"
 Hi Team,  ich habe zum meine WAZ von 5 Tagen auf eine 4 Tage Woche ge√§ndert. Somit √§ndert sich auch mein Urlaubsanspruch. Wenn ich richtig informiert bin, sind das 2 Tage / Monat. Da ich meinen Urlaubsanspruch  bereits in meinem Urlaub abgegolten habe, m√ºsste  die verbleibenden Tage Urlaubsanspruch ab anzeigen. Dies ist leider nicht der Fall, sondern nur Tage. Sollte ich richtig informiert sein, bitte ich hiermit um Korrektur;HR Operations Task: working time model is defined in SAP as leading and needs to be changed
 Hi, ich br√§uchte bei folgenden Eintr√§gen Unterst√ºtzung:  ‚ÄúDienstreise Ausland‚Äù: Bezieht sich die Zeitangabe auf die Reisezeit f√ºr den jeweiligen Reisetag? Wie kann ich den Eintrag ‚ÄúDienstreise Ausland‚Äù l√∂schen? Hinweis, falls ihr Einsicht habt: Eintrag vom ist falsch Wie kann f√ºr den gleichen Tag ‚ÄúOffice‚Äù Arbeitsstunden und ‚ÄúDienstreise‚Äù Zeiten festhalten?   ;HR Operations Task: manual override
 Das Problem bezieht sich auf die Anzeige meiner Urlaubstage in . F√ºr den Zeitraum bis habe ich insgesamt Urlaubstage laut meinem Vertrag. Davon habe ich bereits Tage genommen, also m√ºsste ich noch Tage √ºbrig haben. In  wird jedoch angezeigt, dass ich Tage genommen habe und nur noch Tage √ºbrig habe.  ;HR Operations Task: check mismatch annual leave days
 Hallo zusammen,  leider ist mir ein kleiner Fehler unterlaufen. Ich habe im  eine Krankmeldung dokumentieren wollen und dachte mir, dass ich daf√ºr den Modus Dokumentation ben√∂tige.  war das aber der falsche Modus ‚Äì ich ben√∂tige laut meinen Kollegen den Modus Zeiterfassung. Leider kann ich den Modus laut  erst in 6 Monaten √§ndern (siehe folgenden Screenshot). Bei dem Modus Dokumentation kann ich leider keine Stunden eintragen, was tats√§chlich ein Problem darstellt.  dabei behilflich sein, meinen Fehler wieder zu korrigieren und den Modus in  auf Zeiterfassung zu stellen? ;"Hi, Chronos just doesn't automatically change from the ""time recording"" mode to the ""documentation"" mode. You have to actively initiate a switch from ""time recording"" to ""documentation"". A little screen then pops up and asks you if you really want to change the mode. So you have to click on ""change mode"" before the mode switches. ""You can switch between time recording and documentation mode every 6 months on the first day of the month. If you switch to documentation, your flexi time account will be frozen.""

Unfortunately we can't manually change the setting back to ""time recording"" mode once you've initiated a change. You have to apply for the ""time recording"" mode in Chronos again and wait for the 6 months period to pass.

You can find more information on the intranet page:

Chronos Absence and working time management - Cariad Net - Group Wiki (volkswagen-net.de)"
" Hi, wegen der kurzfristigen Aktivit√§ten musste ich aus dem Urlaub f√ºr einen Tag meinen Urlaub unterbrechen. Ich m√∂chte daher r√ºckwirkend zumindest den  2024 in ""Mobile Arbeit im Ausland"" umwidmen. Die Voraussetzungen habe ich erf¸llt (<20 Tage etc.), aber nat√ºrlich nicht beantragt gehabt. K√∂nnt Ihr das bitte f√ºr mich vornehmen? In  konnte ich das nicht selber tun. ";"Please cancel your planned annual leave days by navigating to the ""request"" / ""Antr‰ge"" tab and create a new request for annual leave."
 Hi,  I accidently changed the Chronos mode to Documentation according to my email I got: , You‚Äôve decided for a switch from Time Recording to Documentation at 1. The implementation of the switch will be effective as of . Please note that the next switch can take place earliest after 6 months in the new mode. Further i nformation regarding working time can be found at CARIDIAN Intranet. Your HR Team Can you undo this for me please? This is a mistake from my side. Thank you. ;"Hi, Chronos just doesn't automatically change from the ""time recording"" mode to the ""documentation"" mode. You have to actively initiate a switch from ""time recording"" to ""documentation"". A little screen then pops up and asks you if you really want to change the mode. So you have to click on ""change mode"" before the mode switches. ""You can switch between time recording and documentation mode every 6 months on the first day of the month. If you switch to documentation, your flexi time account will be frozen.""

Unfortunately we can't manually change the setting back to ""time recording"" mode once you've initiated a change. You have to apply for the ""time recording"" mode in Chronos again and wait for the 6 months period to pass.

You can find more information on the intranet page:

Chronos Absence and working time management - Cariad Net - Group Wiki (volkswagen-net.de)"
 Hi Zusammen,  ich habe √úberstunden wegen einer Erprobung beantragt. Ich habe am Sonntag gearbeitet und m√∂chte die 10h √ºber die Mehrarbeit laufen lassen, da ansonsten mein Stundenkonto √ºber 70 geht - das ist allerdings in  nicht m√∂glich. Ist das so gewollt oder ein Toolproblem? (Auch wenn ich anstatt ‚ÄúErprobung‚Äù ‚ÄúDienstreise Ausland‚Äù im  Sonntags schreiben m√∂chte, ist das nicht √ºber die Mehrarbeit m√∂glich) Falls das wirklich so gewollt ist, w√§re es m√∂glich 10 Mehrarbeitsstunden von Juli in den Juni zu √ºbertragen?  ;HR Operations Task: manual override
 Guten Morgen liebes HR-Team, in den Vorg√§ngen wurde  meine Zahl an verf√ºgbaren Urlaubstagen f√ºr dieses Jahr auf Tage korrigiert. Hintergrund ist, dass ich erst Anfang Februar eingestiegen bin. Ich habe vorhin in  festgestellt, dass meine insgesamt verf√ºgbaren Urlaubstage wieder auf 30 angehoben wurden. Ich m√∂chte mich nicht beklagen, aber habe das Gef√ºhl, dass das mir gar nicht zusteht und hier ein Fehler gemacht wurde.  K√∂nnt ihr mich √ºber diese Umstellung aufkl√§ren? ;HR Operations Task: check mismatch annual leave days
 Hello HR,  I have a problem when transfering my working hours to Chronos for .  In  ended up having +70h extra hours in my account and in  I managed to balance the hours and I worked an average of 7h per day. Nevertheless, when I enter this information in Chronos, I end up having n in my account, when I should have +70h.  Could you please take a look and find the root cause for this?  ;Hi, das ist so gesehen kein Fehler von Chronos, sondern bedeutet lediglich, dass du in dem Betrachtungszeitraum insgesamt die 70h Grenze reiﬂen w¸rdest. Z.B. wenn du vor der Gleitzeit nahe an der 70h Obergrenze bist und Chronos daher keine Stundenverteilung in diesem Zeitraum erlaubt. Daher bitte immer zeitnah erfassen.
 Hi, since I have reduced weekly working hours from 40h to 35h. Please reduce regular working hours in CHRONOS to 35h reactive starting from .  ;HR Operations Task: working time model is defined in SAP as leading and needs to be changed
 Hallo zusammen, gibt es gerade eine St√∂rung? Auf meinem Gleitzeitkonto fehlen √úberstunden, die ich Anfang der Woche noch hatte. Ich habe keine √úberstunden abgebaut und auch keine Gleitzeit beantragt. ;HR Operations Task: check flexitime balance
 Hi,  ich hatte vor zwei Tagen meine √úberstunden gecheckt und die waren bei ca. Da bin ich mir auch sehr sicher. Denn ich wollte pr√ºfen ob meine √úberstunden durch 7 teilbar sind, damit ich wei√ü, wie lange ich nehmen kann. Ich plane n√§mlich einen Urlaub.  Heute sind es aber nur noch ca.h.  Was ist da passiert? ich habe keine GZA genommen oder beantragt in der Zwischenzeit?  irgendwann?  wurde versp√§tet etwas abgebucht?  Ich kann mir das nicht erkl√§ren.     ;HR Operations Task: check flexitime balance
 Laut meiner Berechnung m√ºsste ich als √úbertag vom letzten Jahr 10 Tage bekommen. Leider sind in  nur Tage dargestellt.  ;HR Operations Task: check mismatch annual leave days
  , i have 10 remaining days left from last year. Those are still not shown. ;HR Operations Task: check mismatch annual leave days
 Hallo zusammen,  bei dem Mitarbeiterist der Gleitzeitstand nach Elternzeit falsch. K√∂nnt ihr das bitte checken? Er hatte zum Stichtag  einen Stand von Stunden. ;HR Operations Task: check flexitime balance
